Workbook

Sheet Report Card
B12: Seat No. | D12: : | E12: A063863
B13: Class | D13: : | E13: =VLOOKUP($E$12,'Datasheet '!$A$1:$M$139,7,0) -> VIII
B14: Student's Name | D14: : | E14: =VLOOKUP($E$12,'Datasheet '!$A$1:$M$139,2,0) -> ADITI RAJESH GUPTA
B15: Father's Name | D15: : | E15: =VLOOKUP($E$12,'Datasheet '!$A$1:$M$139,3,0) -> RAJESH
B16: Mother's Name | D16: : | E16: =VLOOKUP($E$12,'Datasheet '!$A$1:$M$139,4,0) -> POOJA
B17: DOB | D17: : | E17: =VLOOKUP($E$12,'Datasheet '!$A$1:$M$139,6,0) -> 41144
D19: SUBJECT | F19: OBTAINED MARKS | G19: TOTAL MARKS | H19: GRADE | I19: RESULT
D20: English | F20: =VLOOKUP($E$12,'Datasheet '!$A$1:$M$139,8,0) -> 89 | G20: 100 | H20: =IF(F20>=80, "A", IF(F20>=60, "B", IF(F20>=45, "C", IF(F20>=35, "D", "F")))) -> A | I20: =IF(F20>=35, "Pass", "Fail") -> Pass
D21: Hindi | F21: =VLOOKUP($E$12,'Datasheet '!$A$1:$M$139,9,0) -> 71 | G21: 100 | H21: =IF(F21>=80, "A", IF(F21>=60, "B", IF(F21>=45, "C", IF(F21>=35, "D", "F")))) -> B | I21: =IF(F21>=35, "Pass", "Fail") -> Pass
D22: Marathi | F22: =VLOOKUP($E$12,'Datasheet '!$A$1:$M$139,10,0) -> 67 | G22: 100 | H22: =IF(F22>=80, "A", IF(F22>=60, "B", IF(F22>=45, "C", IF(F22>=35, "D", "F")))) -> B | I22: =IF(F22>=35, "Pass", "Fail") -> Pass | K22: TOTAL MARKS | M22: 600
D23: Science | F23: =VLOOKUP($E$12,'Datasheet '!$A$1:$M$139,11,0) -> 48 | G23: 100 | H23: =IF(F23>=80, "A", IF(F23>=60, "B", IF(F23>=45, "C", IF(F23>=35, "D", "F")))) -> C | I23: =IF(F23>=35, "Pass", "Fail") -> Pass | K23: Obtained Marks | M23: =SUM(F20:F26) -> 429
D24: Maths | F24: =VLOOKUP($E$12,'Datasheet '!$A$1:$M$139,12,0) -> 73 | G24: 100 | H24: =IF(F24>=80, "A", IF(F24>=60, "B", IF(F24>=45, "C", IF(F24>=35, "D", "F")))) -> B | I24: =IF(F24>=35, "Pass", "Fail") -> Pass | K24: Percentage | M24: =(M23*100/M22) -> 71.5
D25: SST | F25: =VLOOKUP($E$12,'Datasheet '!$A$1:$M$139,13,0) -> 81 | G25: 100 | H25: =IF(F25>=80, "A", IF(F25>=60, "B", IF(F25>=45, "C", IF(F25>=35, "D", "F")))) -> A | I25: =IF(F25>=35, "Pass", "Fail") -> Pass | K25: Division | M25: =IF(M24>=80, "A", IF(M24>=60, "B", IF(M24>=45, "C", IF(M24>=35, "D", "F")))) -> B

Sheet Dashboard and Graphs
P1: Performance of all students in different subjects
B2: Gender | C2: Count of Female
B3: Female | C3: 67
B4: Male | C4: 69
B5: Sex Ratio | C5: =(C3/C4)*1000 -> 971.01449 | Q5: English | AE5: Science
Q23: Hindi | AE23: Maths
B25: Class | C25: Number of Students
B26: IX | C26: 46
B27: VIII | C27: 42
B28: X | C28: 48
B29: Total | C29: =SUM(C26:C28) -> 136
Q42: Marathi | AE42: SST

Sheet Datasheet 
A1: Seat No. | B1: Student's Name | C1: Father's Name | D1: Mother's Name | E1: Gender | F1: DOB | G1: Class | H1: English | I1: Hindi | J1: Marathi | K1: Science | L1: Maths | M1: SST | N1: Marks Out of 600 | O1: Rank
A3: A063863 | B3: ADITI RAJESH GUPTA | C3: RAJESH | D3: POOJA | E3: Female | F3: 41144 | G3: VIII | H3: 89 | I3: 71 | J3: 67 | K3: 48 | L3: 73 | M3: 81 | N3: =SUM(Table2[[#This Row],[English]:[SST]]) -> 429 | O3: =RANK(Table2[[#This Row],[Marks Out of 600]],$N$3:$N$138,0) -> 50
A4: A063864 | B4: ADITYA DIPAK TAPKIR | C4: DEEPAK | D4: JAYSHREE | E4: Male | F4: 41218 | G4: VIII | H4: 57 | I4: 64 | J4: 36 | K4: 54 | L4: 81 | M4: 85 | N4: =SUM(Table2[[#This Row],[English]:[SST]]) -> 377 | O4: =RANK(Table2[[#This Row],[Marks Out of 600]],$N$3:$N$138,0) -> 91
A5: A063865 | B5: ADITYA JEEVAN SATPUTE | C5: JEEVAN | D5: SARASWATI | E5: Male | F5: 41281 | G5: VIII | H5: 82 | I5: 89 | J5: 85 | K5: 85 | L5: 75 | M5: 43 | N5: =SUM(Table2[[#This Row],[English]:[SST]]) -> 459 | O5: =RANK(Table2[[#This Row],[Marks Out of 600]],$N$3:$N$138,0) -> 25
A6: A063866 | B6: AFFAN MUJAHID SHAIKH | C6: MUJAHID | D6: SHAKERA | E6: Male | F6: 41244 | G6: VIII | H6: 68 | I6: 48 | J6: 91 | K6: 67 | L6: 90 | M6: 87 | N6: =SUM(Table2[[#This Row],[English]:[SST]]) -> 451 | O6: =RANK(Table2[[#This Row],[Marks Out of 600]],$N$3:$N$138,0) -> 33
A7: A063867 | B7: ARPITA SURJEET CHAUHAN | C7: SURJEET | D7: REENA | E7: Female | F7: 40989 | G7: VIII | H7: 64 | I7: 85 | J7: 60 | K7: 36 | L7: 58 | M7: 75 | N7: =SUM(Table2[[#This Row],[English]:[SST]]) -> 378 | O7: =RANK(Table2[[#This Row],[Marks Out of 600]],$N$3:$N$138,0) -> 90
A8: A063868 | B8: DEVIYANI TEJBAHADUR MASTER | C8: TEJBAHADUR | D8: LALITA | E8: Female | F8: 41371 | G8: VIII | H8: 78 | I8: 73 | J8: 43 | K8: 85 | L8: 98 | M8: 82 | N8: =SUM(Table2[[#This Row],[English]:[SST]]) -> 459 | O8: =RANK(Table2[[#This Row],[Marks Out of 600]],$N$3:$N$138,0) -> 25
A9: A063869 | B9: DIVYA TEJBAHADUR MASTER | C9: TEJBAHADUR | D9: LALITA | E9: Female | F9: 41144 | G9: VIII | H9: 84 | I9: 87 | J9: 46 | K9: 91 | L9: 43 | M9: 43 | N9: =SUM(Table2[[#This Row],[English]:[SST]]) -> 394 | O9: =RANK(Table2[[#This Row],[Marks Out of 600]],$N$3:$N$138,0) -> 76
A10: A063870 | B10: GITANJALI SHAILESH CHAUHAN | C10: SHAILESH | D10: ANJU | E10: Female | F10: 41319 | G10: VIII | H10: 55 | I10: 93 | J10: 44 | K10: 60 | L10: 51 | M10: 46 | N10: =SUM(Table2[[#This Row],[English]:[SST]]) -> 349 | O10: =RANK(Table2[[#This Row],[Marks Out of 600]],$N$3:$N$138,0) -> 112
A11: A063871 | B11: HAMZA AMEER KHAN | C11: HAMZA | D11: NASEEM | E11: Male | F11: 41271 | G11: VIII | H11: 77 | I11: 75 | J11: 86 | K11: 70 | L11: 86 | M11: 44 | N11: =SUM(Table2[[#This Row],[English]:[SST]]) -> 438 | O11: =RANK(Table2[[#This Row],[Marks Out of 600]],$N$3:$N$138,0) -> 42
A12: A063872 | B12: HARISH KIRAN MUTHE | C12: DINKAR | D12: ARCHANA | E12: Male | F12: 41188 | G12: VIII | H12: 71 | I12: 86 | J12: 57 | K12: 90 | L12: 98 | M12: 86 | N12: =SUM(Table2[[#This Row],[English]:[SST]]) -> 488 | O12: =RANK(Table2[[#This Row],[Marks Out of 600]],$N$3:$N$138,0) -> 14
A13: A063873 | B13: HRISHANT SACHIN JADHAV | C13: SACHIN | D13: YOGITA | E13: Male | F13: 40960 | G13: VIII | H13: 77 | I13: 87 | J13: 82 | K13: 65 | L13: 100 | M13: 49 | N13: =SUM(Table2[[#This Row],[English]:[SST]]) -> 460 | O13: =RANK(Table2[[#This Row],[Marks Out of 600]],$N$3:$N$138,0) -> 24
A14: A063874 | B14: HUZAIFA WASEEM QURESHI | C14: WASEEM | D14: KAUSAR | E14: Male | F14: 40946 | G14: VIII | H14: 83 | I14: 77 | J14: 68 | K14: 96 | L14: 93 | M14: 82 | N14: =SUM(Table2[[#This Row],[English]:[SST]]) -> 499 | O14: =RANK(Table2[[#This Row],[Marks Out of 600]],$N$3:$N$138,0) -> 3
... A139: A063999 | B139: ZOHA MUJAHID MARUF | C139: MUJAHID | D139: ASMA | E139: Female | F139: 40596 | G139: X | H139: 63 | I139: 58 | J139: 87 | K139: 61 | L139: 95 | M139: 74 | N139: =SUM(Table2[[#This Row],[English]:[SST]]) -> 438 | O139: =RANK(Table2[[#This Row],[Marks Out of 600]],$N$3:$N$138,0) -> 42
